"Titel","Autor","Jahr"
"Underground Russia","Stepniak",2007
"La Russie souterraine","Stepniak",2001
"The career of a nihilist","S. Stepniak",1951
"Audio-visual coverage of courts","Daniel Stepniak",2012
"The Russian peasantry","S. Stepniak",1888
"Podpolʹnai︠a︡ Rossii︠a︡","S. Stepniak",1890
"Russia under the tzars","S. Stepniak",1885
"King Stork and King Log","S. Stepniak",1896
"The Russian storm-cloud","S. Stepniak",1886
"Electronic media coverage of courts","Daniel Stepniak",1998
"More Promising Musical Future : Leading Transformational Change in Music Higher Education","Michael Stepniak",2022
"The Russian peasantry, their agrarian condition, social life, and religion","S. Stepniak",1977
"The Russian storm-cloud, or, Russia in her relations to neighbouring countries","S. Stepniak",1886
"Andrei Kozhukhov","S. Stepniak",1978
"Sochineniya v dvukh tomakh","S. Stepniak",1987
"V londonskoĭ ėmigratsi͡i︡","S. Stepniak",1968
"Andreĭ Kozhukhov","S. Stepniak",1980
"More Promising Musical Future","Michael Stepniak",2022
"Europa osób i narodów","Marek Stępniak",2002
"Potrącenie w systemie polskiego prawa cywilnego","Lechosław Stępniak",1975
"... Sobranie sochineniĭ ..","[Stepniak, S.,]",1919
"Archiwalia polskie w zbiorach Instytutu Hoovera Uniwersytetu Stanforda","Władysław Stępniak",1997
"Sukcesja państw dotycząca archiwaliów","Władysław Stępniak",1989
"Rossiya pod vlast'yu tsarei","S. Stepniak",1965
"Dos unṭererdishe Rusland","S. Stepniak",1921
"Underground Russia; revolutionary profiles and sketches from life","S. Stepniak",1973
"Izbrannoe","S. Stepniak",1972
"Grozovai︠a︡ tucha Rossii","S. Stepniak",2001
"Rossii͡a pod vlastʹi͡u t͡sareĭ","S. Stepniak",1965
"Podpol'naya Rossiya","S. Stepniak",1893
"Zastosowanie pola ultradźwiękowego do wspomagania procesu koagulacji w uzdatnianiu wody","Longina Stępniak",2006
"Rada Portu i Dróg Wodnych w Wolnym Mieście Gdańsku","Henryk Stȩpniak",1971
"Ludność polska w Wolnym Mieście Gdańsku (1920-1939), Gdańsk 1991 ","Henryk Stępniak",1991
"Ludność polska w Wolnym Mieście Gdańsku (1920-1939)","Henryk Stępniak ",1991
"Podpol'naia Rossiia","S. Stepniak",1893
"Pidzemna Rosyia","S. Stepniak",1901
"Mirsk","Władysław Stępniak",2004
"Czarny Bór","Władysław Stępniak",2007
"Nihilism as it is","S. Stepniak",1894
"The new convert","S. Stepniak",1917
"Nihilism as it is, being Stepniak's pamphlets translated by E.L. Voynich, and Felix Volkhovsky's ""Claims of the Russian liberals"", with an introd. by Dr. R. Spence Watson","S. Stepniak",1894
"V londonskoi emigratsii","S. Stepniak",1968
"En nihilist","S. Stepniak",1904
"Sochinenii︠a︡","S. Stepniak",1958
"Russia under the Tsars","S. Stepniak",1886
"Podpol'naya Rossiya","S. Stepniak",1960
"Sobranie sochinenii ","S. Stepniak",1908
"Pidzemna Rosyia","S. Stepniak",1901
"The Russian peasantry","S. Stepniak",1888
"Dziedzictwo archiwalne we współpracy Polski i Ukrainy","Władysław Stępniak",2010
"Mirsk","Władysław Stępniak",2004
"Popriste nihiliste","S. Stepniak",1916
"The private archives and archival materials in the Central and East European countries","Władysław Stępniak",1999
"Rada Portu i Dróg Wodnych w Wolnym Mieście Gdańsku.  Gdańsku","Henryk Stępniak",1971
"Ludność polska w Wolnym Mieście Gdańsku, 1920-1939","Henryk Stępniak",1991
"Słownik tajemnych gwar przestępczych","Klemens Stępniak",1993
"Uzdatnianie złomu poprodukcyjnego","Stanisław Stępniak",1978
"Dyplomacja polska na Bałkanach, 1918-1926","Władysław Stępniak",1998
"Misja Adama Stebelskiego","Władysław Stępniak",1989
"Archiwalia polskiej proweniencji terytorialnej przechowywane w Państwowym Archiwum Federacji Rosyjskiej i Rosyjskim Państwowym Archiwum Wojskowym","Władysław Stępniak",2000
"Domik na Volgi︠e︡","S. Stepniak",1896
"Wokół rozglośni polskiej Radia Wolna Europa","Władysław Stępniak",2002
"Kwestia narodowa a społeczna na Śląsku Cieszyńskim pod koniec XIX i w początkach XX wieku, do 1920 roku","Andrzej Stępniak",1986
"Polska-WE","Andrzej Stępniak",1993
"Domik na Volgi︠e︡","S. Stepniak",1896
"Narodziny S","Mirosław Stępniak",2014
"Lwówek Śląski na dawnej pocztówce","Korneliusz Stępniak",2011
"Promocja polskich podmiotów inwestycyjnych na obszarze Wspólnot Europejskich","Andrzej Stępniak",1993
"Integracja regionalna i transfer kapitału","Andrzej Stępniak",1996
"The career of a nihilist [microform]","S. Stepniak",1901
"Przekształcenia przestrzennego rozmieszczenia zasobów mieszkaniowych w Warszawie w latach 1945-2008","Marcin Stępniak",2014
"At the dawn of a new reign","S. Stepniak",1905
"Archiwalia polskiej proweniencji terytorialnej przechowywane w Państwowym Archiwum Federacji Rosyjskiej i Rosyjskim Państwowym Archiwum Wojskowym","Władysław Stępniak",
"Quantitative Aspects of Bronze Age Metalwork in Western Poland","Tomasz P. Stepniak",1987
"Quantitative aspects of Bronze Age metalwork in western Poland","Tomasz P. Stȩpniak",1986
"Kula jako symbol vanitas","Beata Purc-Stepniak",2004
"Sytuacyjne uwarunkow ania przetepczosci mlodocianych","Piotr Andrzej Stepniak",1989
"Kula jako symbol vanitas","Beata Purc-Stępniak",2004
"Sytuacyjne uwarunkowania przestępczości młodocianych","Piotr Andrzej Stępniak",1989
"Beyond the Conservatory Model","Michael Stepniak",2019
"Grozovai︠a︡ tucha Rossii","Sergeĭ Mikhaĭlovich Stepni︠a︡k-Kravchinskiĭ",2001
"Osoby z niepełnosprawnością w Unii Europejskiej","Marek Piasecki",2000
"Underground Russia; Revolutionary Profiles and Sketches from Life","S Stepniak",2018
"Underground Russia; revolutionary profiles and sketches from life","S. Stepniak",1883
"Proėkt russkoĭ konstitut͡sii","S. Stepni͡ak",1895
"Underground Russia","S. Stepniak",2018
"Scarlet Flower","E. L. Voynich",2020
"Humour of Russia","S. Stepniak",2015
"Za sto li︠e︡t (1800-1896): sbornik po istorīi politicheskikh i ...","Vladimir Lʹvovich Burt︠s︡ev",1897
"Nihilism as it is, Being Stepniak's Pamphlets Translated by E.L. Voynich, and Felix Volkhovsky's ""Claims of the Russian Liberals"", With an Introd. by Dr. R. Spence Watson","S Stepniak",2018
"Nihilism As It Is, Being Stepniak's Pamphlets Translated by E. L. Voynich, and Felix Volkhovsky's Claims of the Russian Liberals, with an Introd. by Dr. R. Spence Watson","S. Stepniak",2018
"Fluorine","Victor R. Preedy",2015
"Polska w strefie euro",,2005
"Sʺkrovishte slovēsʹnoi︠e︡","Wiesław Boryś",2000
"Klasztorne ośrodki piśmiennictwa i kultury w krajach słowiańskich","Jan Stradomski",2005
"Rola klasztorów w procesia kształtowania się państwowości krajów słowiańskich",,2002
"Archives in the society","ICA Pre-Congress Meeting - Vienna 2004 (2003 Elbląg).",2003
"Rewolucja lat 1905-1907",,2005
"Archives and non-traditional carriers of information","Colloquia Jerzy Skowronek dedicata (11th 2005 Warsaw, Poland, and Toruń, Poland)",2006
"Accessibility of archival materials in compliance with the law and general practices of the states of Central and East European countries",,2000
